id,X1,X2,X3,X4,X5,X6,X7,X8,X9,X10,X11,X12,X13,X14,X15,X16,X17,X18,Y1,Y2,Y3
1,0.0094,0.0025,0.0015,0.0434,0.0139,0.0055,0.0011,0.0025,0.0011,0.0436,0.0117,0.0135,0.0301,0.0315,0.0017,0.0585,0.0159,0.0084,4,4,4
2,0.0082,0.0025,0.0026,0.0545,0.0094,0.0051,0.0019,0.0087,0.000657,0.0216,0.0034,0.021,0.0067,0.0073,0.0015,0.0325,0.0107,0.0199,4,4,4
3,0.009,0.0095,0.0017,0.0425,0.0079,0.0087,0.0236,0.0059,0.0014,0.0863,0.0147,0.0097,0.0034,0.0064,0.0013,0.0988,0.0154,0.017,4,4,4
4,0.0036,0.0003,0.0014,0.0471,0.0106,0.0054,0.0016,0.0039,0.0014,0.0495,0.0128,0.0106,0.0481,0.0117,0.0027,0.0543,0.0157,0.0136,4,1,4
5,0.018,0.0058,0.0008,0.0189,0.0036,0.0097,0.0343,0.037,0.0008,0.023,0.0037,0.0079,0.0003,0.0022,0.0006,0.0782,0.0096,0.005,4,2,3
6,0.0039,0.0385,0.0014,0.05243888,0.0121511486807832,0.0123014,0.0013,0.0044,0.0007,0.0483,0.014,0.0095,0.0098,0.0005,0.0011,0.0600787,0.0173779650465916,0.012973,4,3,4
7,0.0017,0.002,0.0017,0.0234,0.0096,0.0123,0.007,0.0017,0.0018,0.0488,0.0116,0.0155,0.0012,0.0056,0.0032,0.050296,0.0173013427898915,0.0125923,4,3,4
8,0.0046,0.0035,0.0036,0.0173,0.0055,0.0048,0.0012,0.0101,0.0017,0.0286,0.0046,0.0089,0.0055,0.0071,0.0008,0.0415,0.0132,0.011,1,1,4
9,0.0063,0.0039,0.0011,0.0841,0.0092,0.017,0.0043,0.0075,0.0012,0.0364,0.0127,0.0138,0.0635,0.0337,0.0031,0.1065,0.0254,0.0169,4,1,4
10,0.0043,0.0043,0.0014,0.0448,0.015,0.0105,0.0063,0.0033,0.0012,0.0557,0.0126,0.0232,0.0002,0.003,0.0015,0.0111,0.0024,0.006,4,4,4
11,0.0043,0.0044,0.0039,0.0555,0.0176,0.0166,0.0686,0.0441,0.0015,0.0354,0.0153,0.0235,0.0051,0.0066,0.0015,0.0929,0.0167,0.0229,4,1,4
12,0.0565,0.0001,0.0037,0.0598,0.017,0.0205,0.0135,0.0025,0.0013,0.0676,0.0243,0.0242,0.0018,0.004,0.0005,0.036,0.0066,0.0059,1,2,3
13,0.0047,0.0011,0.0001,0.0194,0.0039,0.0072,0.0043,0.0001,0.0012,0.0178,0.0049,0.0082,0.0012,0.0013,0.0025,0.0151,0.0088,0.0117,4,1,4
14,0.005,0.0013,0.0013,0.0209,0.0019,0.0051,0.0036,0.0024,0.0008,0.022,0.0043,0.0075,0.0115,0.0034,0.0007,0.0535,0.0073,0.008,3,4,4
15,0.0015,0.0034,0.0008,0.0234,0.0033,0.0089,0.0018,0.0015,0.0006,0.026,0.0043,0.0033,0.0737,0.0004,0.0007,0.0316,0.0071,0.0162,1,3,3
16,0.0019,0.0034,0.0006,0.0164,0.0026,0.003,0.0536,0.0552,0.0019,0.02,0.0027,0.0104,0.0047,0.0023,0.0003,0.0272,0.0064,0.0105,4,1,3
17,0.0029,0.0012,0.002523,0.0856,0.0062,0.0177,0.0064,0.0031,0.001,0.0907,0.0133,0.0055,0.0068,0.0004,0.0011,0.0435,0.0042,0.0049,4,3,4
18,0.0001,0.0004,0.0018,0.0527,0.0031,0.0039,0.01,0.0164,0.0007,0.0322,0.0041,0.0052,0.0031,0.0015,0.0009,0.0075,0.0012,0.0047,3,1,3
19,0.0007,0.0028,0.002,0.0236,0.0036,0.0033,0.0003,0.0014,0.0015,0.0066,0.0024,0.0035,0.0176,0.0057,0.005,0.1434,0.0425,0.0306,4,1,3
20,0.0074,0.0015,0.0011,0.0175,0.0051,0.0104,0.0088,0.0035,0.0016,0.0153,0.0039,0.0105,0.0004,0.0008,0.002,0.0214,0.0016,0.0039,4,3,4
21,0.0025,0.0011,0.001,0.0116,0.0023,0.0061,0.0024,0.0035,0.0005,0.021,0.0072,0.0143,0.001,0.001,0.0023,0.0235,0.0081,0.0141,4,1,4
22,0.0014,0.0011,0.0006,0.019,0.0024,0.0058,0.0031,0.0016,0.0004,0.0126,0.0028,0.0079,0.0043,0.0006,0.0021,0.05,0.01103,0.0094,2,1,3
23,0.0006,0.0041,0.0005,0.0208,0.0047,0.0096,0.0026,0.0014,0.00028,0.0198,0.0067,0.0113,0.0033,0.0017,0.0012,0.0386,0.0112,0.0038,1,1,4
24,0.0042,0.0056,0.0016,0.0187,0.0043,0.0083,0.0077,0.003,0.0003,0.0171,0.0065,0.0042,0.0016,0.0081,0.0018,0.0601,0.0143,0.0169,4,4,4
25,0.0031,0.0052,0.0015,0.0254,0.0032,0.0047,0.0104,0.0034,0.0014,0.0104,0.0047,0.0049,0.0011,0.0049,0.0003,0.0145,0.0028,0.0031,1,4,3
26,0.0029,0.0018,0.0006,0.0178,0.0039,0.0096,0.0204,0.0066,0.00125,0.0176,0.0045,0.0092,0.0006,0.0002,0.0018,0.0392,0.0132,0.0186,3,1,3
27,0.018,0.0014,0.00196,0.0175,0.004,0.005,0.0015,0.0024,0.0016,0.0095,0.0024,0.0086,0.0013,0.0046,0.002,0.0146,0.0043,0.0102,4,1,3
28,0.0022,0.0017,0.001,0.0054,0.0019,0.0034,0.0062,0.0071,0.0013,0.0206,0.0037,0.0059,0.0029,0.003,0.0002,0.0116,0.0038,0.01,1,3,3
29,0.0004,0.0008,0.0007,0.0119,0.0017,0.0061,0.018,0.0024,0.0016,0.0274,0.0023,0.0037,0.0005,0.001,0.0015,0.0267,0.0042,0.0091,2,2,4
30,0.0003,0.0002,0.0007,0.0119,0.003,0.0072,0.001,0.0033,0.0013,0.0151,0.0033,0.0074,0.001,0.0022,0.001,0.0306,0.0089,0.0077,4,1,2
31,0.002,0.0007,0.0008,0.0065,0.0018,0.0067,0.0004,0.001,0.0024,0.0128,0.0021,0.0075,0.0006,0.0019,0.0007,0.0219,0.0081,0.0037,1,1,2
32,0.0011,0.0017,0.0003,0.0226,0.0034,0.0092,0.0012,0.0006,0.0013,0.0332,0.0065,0.0108,0.0022,0.002,0.0014,0.0295,0.01,0.0033,3,3,3
33,0.0017,0.0105,0.0011,0.011,0.0018,0.0037,0.0007,0.002,0.0004,0.0141,0.0016,0.0031,0.0075,0.001,0.0012,0.018,0.0028,0.0035,3,1,3
34,0.0003,0.0026,0.0023,0.012,0.0039,0.0117,0.0021,0.0003,0.0014,0.019,0.0047,0.0102,0.0007,0.0009,0.0003,0.0158,0.0041,0.0063,1,1,3
35,0.0011,0.0004,0.0012,0.0226,0.0061,0.0104,0.0006,0.0057,0.0008,0.0303,0.003,0.013,0.0004,0.01,0.0006,0.0159,0.0041,0.0067,4,4,3
36,0.0083,0.0022,0.001,0.0213,0.0026,0.0086,0.0036,0.0044,0.0011,0.0218,0.0023,0.0061,0.0015,0.0027,0.0008,0.0346,0.0111,0.0057,3,1,3
37,0.0061,0.0027,0.0005,0.0142,0.0039,0.0062,0.0001,0.0005,0.001,0.0111,0.0029,0.0092,0.0041,0.0029,0.0023,0.0228,0.0044,0.0101,1,1,3
38,0.0092,0.0082,0.0012,0.0201,0.0045,0.0105,0.0018,0.0005,0.0015,0.0195,0.0053,0.0105,0.0068,0.0031,0.0002,0.0317,0.0082,0.0074,3,4,4
39,0.0002,0.0009,0.0014,0.0158,0.0045,0.0123,0.0017,0.0012,0.0006,0.0219,0.0058,0.0098,0.0017,0.0011,0.0005,0.0528,0.0133,0.0273,1,2,4
40,0.0005,0.001,0.0033,0.0095,0.0012,0.0027,0.0073,0.0023,0.0013,0.0128,0.0037,0.0054,0.0057,0.0056,0.0015,0.0341,0.009,0.0074,1,2,4
41,0.0006,0.024,0.0021,0.0141,0.0016,0.0035,0.0044,0.0053,0.0014,0.0202,0.0066,0.0076,0.0062,0.0091,0.0011,0.0584,0.0095,0.0103,3,1,3
42,0.0001,0.0023,0.0007,0.0215,0.0029,0.0056,0.0019,0.0018,0.0004,0.0165,0.0018,0.0033,0.0128,0.0035,0.0013,0.0294,0.0111,0.0189,4,2,4
43,0.0002,0.0017,0.0009,0.0216,0.0065,0.0032,0.0002,0.0002,0.0015,0.0265,0.0046,0.0095,0.0045,0.0004,0.0009,0.025,0.0061,0.0079,1,1,3
44,0.0019,0.0022,0.00106,0.0107,0.0045,0.0075,0.0014,0.001,0.0013,0.0114,0.0036,0.0096,0.0004,0.022,0.0019,0.0459,0.0139,0.0111,4,1,3
45,0.0019,0.0066,0.0012,0.0226,0.0038,0.0073,0.004,0.0004,0.0017,0.0382,0.0102,0.0111,0.0005,0.0015,0.003,0.0342,0.0086,0.0127,4,2,3
46,0.0061,0.0014,0.0026,0.0205,0.0016,0.0073,0.0036,0.0037,0.0008,0.0134345,0.00201870376128675,0.00474327,0.0022,0.0047,0.00057,0.0289,0.0109,0.0043,1,1,4
47,0.0004,0.0009,0.00094,0.0197,0.0064,0.0057,0.0015,0.0002,0.0018,0.0198,0.0041,0.0148,0.0002,0.0035,0.0013,0.0726,0.0151,0.0144,3,2,3
48,0.003,0.0037,0.0011,0.0194,0.0032,0.005,0.0017,0.0034,0.0035,0.0162,0.004,0.0097,0.014,0.0014,0.0011,0.0254,0.006,0.0066,3,3,4
49,0.0007,0.0045,0.0032,0.0635,0.0098,0.0141,0.0197,0.0065,0.0008,0.0486,0.0044,0.0102,0.0034,0.0019,0.002,0.051,0.0056,0.0094,3,4,3
50,0.005,0.0012,0.0017,0.0134,0.0042,0.0134,0.006,0.0029,0.0003,0.0239,0.0023,0.0165,0.0031,0.0015,0.0005,0.0294,0.0029,0.0125,3,2,4
51,0.0042,0.0047,0.0018,0.013,0.0041,0.0117,0.0011,0.0009,0.001,0.0187,0.0042,0.0087,0.0004,0.0011,0.0009,0.0181,0.0044,0.0187,4,2,3
52,0.0023,0.0045,0.0006,0.0164,0.0019,0.004,0.003,0.0041,0.0017,0.0195,0.005,0.0073,0.0025,0.0045,0.0008,0.0262,0.0068,0.017,1,1,3
53,0.0138,0.0001,0.0019,0.0152,0.0046,0.0053,0.002,0.0017,0.0008,0.0213,0.0038,0.012,0.0049,0.0015,0.0021,0.0219,0.008,0.0076,2,1,4
54,0.007,0.0018,0.0011,0.0418,0.0068,0.0154,0.0209,0.0155,0.0022,0.0529,0.0104,0.0199,0.0288,0.0074,0.0006,0.09599947,0.0151098521093579,0.00794379,4,4,4
55,0.0067,0.0097,0.0008,0.0522,0.0112,0.0116,0.0014,0.0023,0.0011,0.016,0.002,0.0038,0.0025,0.0006,0.0025,0.0823,0.0126,0.0251,1,2,4
56,0.004,0.005,0.0025,0.0162,0.0043,0.008,0.0132,0.0008,0.00065,0.0136,0.0037,0.0055,0.0041,0.0017,0.0018,0.0307,0.0073,0.0068,1,1,4
57,0.0041,0.0038,0.0007,0.025,0.0044,0.0043,0.0029,0.0021,0.001,0.022,0.0012,0.0029,0.0056,0.008,0.0013,0.0224,0.0099,0.0076,4,4,3
58,0.0007,0.0043,0.0012,0.0141,0.0017,0.0034,0.0012,0.0016,0.0019,0.0231,0.0054,0.0049,0.0011,0.0007,0.0009,0.0255,0.0073,0.0134,4,2,3
59,0.0001,0.0014,0.0017,0.0091,0.0027,0.008,0.0001,0.0011,0.0003,0.0209,0.0043,0.0147,0.0005,0.0001,0.0009,0.0263,0.0094,0.0036,1,1,3
60,0.0009,0.0029,0.0012,0.0196,0.0021,0.0083,0.0003,0.0032,0.0017,0.0207,0.0068,0.0125,0.0008,0.0053,0.0027,0.0127,0.002,0.0042,4,1,3
61,0.0019,0.0023,0.0013,0.0105,0.0015,0.0031,0.0093,0.0094,0.0011,0.0267,0.003,0.0028,0.0006,0.0003,0.0012,0.0289,0.0055,0.0156,3,4,4
62,0.001,0.0018,0.001658,0.0056,0.0017,0.0048,0.0045,0.0002,0.0012,0.0189,0.0036,0.006,0.0059,0.0006,0.0012,0.038,0.0058,0.0114,1,2,4
63,0.0058,0.0015,0.0009,0.0163,0.0061,0.0035,0.005,0.0027,0.0023,0.0255,0.0069,0.0127,0.0007,0.0001,0.0007,0.0214,0.0055,0.0105,4,1,3
64,0.0002,0.0016,0.001802,0.0115,0.0044,0.0053,0.0016,0.0033,0.0004,0.0097,0.0014,0.0031,0.0042,0.0001,0.0034,0.0201,0.0027,0.0113,1,1,3
65,0.0025,0.0021,0.0008,0.0214,0.002,0.0039,0.0126,0.0143,0.0006,0.0216,0.004,0.0055,0.0011,0.003,0.003,0.0275,0.0042,0.0113,1,1,3
66,0.0017,0.0016,0.0013,0.012,0.0016,0.0032,0.0005,0.0006,0.0009,0.0253,0.0031,0.0027,0.0007,0.0018,0.0003,0.016,0.0058,0.0065,1,1,4
67,0.0008,0.0083,0.0017,0.0158,0.0041,0.0082,0.0041,0.0013,0.0008,0.0581,0.0167,0.0147,0.002,0.0013,0.0009,0.0665,0.0251,0.0195,4,4,4
68,0.0027,0.0024,0.002,0.0675,0.0056,0.0125,0.014,0.002,0.0004,0.0171,0.0031,0.0042,0.0019,0.0016,0.0016,0.0162,0.0036,0.0045,2,1,4
69,0.0011,0.001,0.0022,0.0162,0.0041,0.0077,0.0027,0.0003,0.0025,0.0224,0.0049,0.0121,0.0021,0.0029,0.002139,0.0283,0.0126,0.0151,4,4,3
70,0.0067,0.0103,0.0021,0.0168,0.0043,0.0075,0.0058,0.0007,0.0005,0.0219,0.0053,0.0118,0.0023,0.0017,0.0008,0.0371,0.0078,0.0105,1,2,3
71,0.0021,0.0009,0.0005,0.0127,0.0029,0.0067,0.004,0.0008,0.0005,0.022,0.0033,0.0047,0.0027,0.003,0.0006,0.0501,0.0105,0.005,4,1,3
72,0.0003,0.0047,0.002,0.0116,0.0034,0.0098,0.0086,0.0017,0.0008,0.025,0.0066,0.0119,0.0008,0.0002,0.0013,0.006,0.0013,0.0033,1,1,3
73,0.0001,0.0033,0.0007,0.0082,0.002,0.008,0.0007,0.0028,0.001439,0.0262,0.0063,0.0112,0.0066,0.0013,0.0001,0.0179,0.0044,0.0182,1,1,3
74,0.0003,0.0005,0.0011,0.0168,0.003,0.0067,0.0004,0.0003,0.001,0.0211,0.0016,0.0035,0.0004,0.0003,0.0018,0.0198,0.0036,0.0033,4,4,4
75,0.0007,0.0025,0.0005,0.0123,0.0025,0.0093,0.0007,0.0009,0.0017,0.0096,0.0021,0.0031,0.0002,0.0005,0.0012,0.0015,0.0028,0.0066,3,1,3
76,0.0048,0.0051,0.0009,0.0639,0.0224,0.015,0.0028,0.0052,0.0006,0.0835,0.0203,0.0355,0.0043,0.0002,0.0016,0.0034,0.0203,0.022,4,4,4
77,0.0057,0.0001,0.0011,0.0608,0.0221,0.0159,0.0014,0.0013,0.002,0.0818,0.0297,0.0332,0.0041,0.0071,0.0019,0.1077,0.0237,0.0292,4,3,3
78,0.002,0.0012,0.0042,0.0142,0.0052,0.0117,0.017,0.0055,0.0003,0.1796,0.075,0.0524,0.0077,0.0047,0.0021,0.0711,0.025,0.013,4,4,4
79,0.0079,0.0064,0.0004,0.0797,0.0298,0.0101,0.059,0.0001,0.0014,0.0735,0.027,0.0099,0.003,0.0038,0.0004,0.11,0.03,0.0101,4,3,4
80,0.0012,0.0003,0.000474,0.0095,0.0015,0.0037,0.0011,0.0005,0.00094,0.0094,0.0009,0.0028,0.0008,0.0063,0.0012,0.0238,0.0093,0.0075,1,1,4
81,0.0012,0.0041,0.0022,0.0235,0.0037,0.0084,0.001,0.0019,0.0005,0.0175,0.0025,0.0032,0.0047,0.0015,0.0006,0.0239,0.0078,0.0142,1,1,3
82,0.0012,0.0021,0.0007,0.0189,0.0029,0.0038,0.0018,0.003,0.000583,0.024,0.0058,0.0102,0.0038,0.0007,0.00127,0.068,0.015,0.027,2,1,4
83,0.0026,0.0011,0.0024,0.0219,0.0076,0.0141,0.0072,0.0171,0.0014,0.0678,0.0077,0.006,0.0064,0.0052,0.0011,0.1429,0.0238,0.0083,4,1,3
84,0.0001,0.0007,0.0012,0.0147,0.0054,0.0061,0.003,0.0017,0.0007,0.0159,0.0049,0.0118,0.0016,0.0002,0.0002,0.0256,0.0089,0.0088,3,1,3
85,0.0085,0.0024,0.0005,0.02,0.0073,0.0151,0.001,0.0008,0.0018,0.0043,0.0012,0.0032,0.0008,0.0006,0.0011,0.0114,0.0023,0.008,1,3,4
86,0.0012,0.0013,0.0015,0.0477,0.018,0.0129,0.0011,0.0014,0.001,0.0369,0.0194,0.0059,0.001,0.0029,0.0009,0.044,0.02,0.0112,4,4,4
87,0.0484,0.0034,0.002776,0.0127,0.0019,0.0061,0.0422,0.0015,0.003001,0.0192,0.0055,0.0183,0.0292,0.0125,0.0011,0.0627,0.0215,0.0059,1,1,2
88,0.006,0.0001,0.001,0.0539,0.0194,0.0067,0.0212,0.0056,0.0018,0.079,0.0175,0.0101,0.0916,0.0065,0.0009,0.07,0.0193,0.0127,4,4,4
89,0.0166,0.0017,0.0031,0.046,0.019,0.0127,0.0304,0.0047,0.0007,0.0497,0.0194,0.0178,0.0061,0.0158,0.0013,0.0499,0.016,0.0145,4,4,4
90,0.0009,0.0006,0.0012,0.0143,0.0034,0.0064,0.0928,0.0027,0.0007,0.0196,0.0049,0.0058,0.0051,0.0066,0.0015,0.0929,0.0167,0.0229,4,1,4
91,0.0033,0.0008,0.0015,0.0086,0.0017,0.0037,0.0011,0.0009,0.0008,0.0115,0.0035,0.0109,0.0012,0.0004,0.00211,0.0254,0.0079,0.0175,4,4,3
92,0.0193,0.0015,0.0018,0.0129,0.0047,0.0146,0.0775,0.001,0.0022,0.0137,0.0048,0.0103,0.1613,0.0001,0.0008,0.023,0.0075,0.0139,1,1,4
93,0.0682,0.0004,0.0012,0.0072,0.0018,0.007,0.0018,0.0094,0.0006,0.029,0.0038,0.0086,0.0025,0.0027,2e-05,0.0139,0.0014,0.0056,3,3,3
94,0.0803,0.003,0.0007,0.0182,0.0065,0.0049,0.0127,0.0056,0.0019,0.0188,0.0048,0.0053,0.0879,0.0013,0.0002,0.024,0.0078,0.0135,4,1,3
95,0.0041,0.0029,0.0023,0.0228,0.0044,0.0101,0.0167,0.0013,0.0019,0.0172,0.0067,0.0121,0.0189,0.0024,0.0017,0.0403,0.0113,0.0037,4,3,3
96,0.0105,0.0011,0.0021,0.0319,0.0052,0.0118,0.0419,0.0023,0.0023,0.0261,0.0068,0.0145,0.0329,0.003,0.0021,0.0323,0.0115,0.0078,1,3,3
97,0.1025,0.0003,0.0001,0.0106,0.0022,0.0054,0.0344,0.0025,0.0012,0.0186,0.0054,0.0082,0.0454,0.0042,0.0012,0.0232,0.0071,0.0204,1,1,3
98,0.002,0.0022,0.002,0.0067,0.0019,0.0034,0.0726,0.0012,0.0015,0.0059,0.0013,0.0072,0.1033,0.0086,0.001,0.0286,0.0096,0.0188,1,1,3
99,0.0308,0.0014,0.001,0.0122,0.0021,0.0052,0.0026,0.0007,0.0011,0.0126,0.0017,0.0033,0.1189,0.01,0.0013,0.029,0.0084,0.0094,4,1,3
100,0.001,0.0009,0.001,0.011,0.0029,0.008,0.0402,0.0048,0.0022,0.0458,0.0067,0.0098,0.007,0.002,0.0009,0.0421,0.0114,0.0088,1,1,3
101,0.003,0.0016,0.0006,0.0175,0.0036,0.0037,0.0221,0.0002,0.0004,0.0146,0.0015,0.0032,0.0588,0.0091,0.0016,0.0309,0.0049,0.0093,1,1,2
102,0.0071,0.0052,0.0013,0.01,0.0044,0.0089,0.0078,0.0002,7e-05,0.0146,0.0057,0.0089,0.0687,0.007,0.0004,0.03,0.0074,0.0075,1,1,3
103,0.0544,0.0015,0.0004,0.0107,0.0034,0.0043,0.0674,0.0025,0.001073,0.0098,0.0042,0.0034,0.0503,0.0009,0.0016,0.007,0.0023,0.003,2,1,3
104,0.0054,0.0004,0.0017,0.0216,0.005,0.0112,0.0322,0.0005,0.002,0.0238,0.0067,0.0118,0.0196,0.0204,0.0015,0.0112,0.0038,0.0248,2,1,4
105,0.0053,0.0028,0.0006,0.0197,0.0033,0.0083,0.04026,0.00066,0.00103,0.0333,0.003,0.0088,0.0524,0.0001,0.0007,0.0406,0.0063,0.0151,1,1,3
106,0.0302,0.0014,0.0012,0.0127,0.0041,0.0128,0.0478,0.0038,0.002322,0.0197,0.0057,0.0056,0.4786,0.0121,0.0017,0.0279,0.0079,0.0096,3,3,4
107,0.0501,0.0007,0.0001,0.0101,0.0017,0.004,0.0494,0.0017,0.0006,0.0091,0.0035,0.0047,0.0237,0.001,0.0023,0.0246,0.0089,0.0121,1,1,3
108,0.0387,0.0002,0.0013,0.016,0.0045,0.0082,0.0346,0.0006,0.0005,0.0178,0.0016,0.0039,0.0572,0.002,0.0011,0.0213,0.0045,0.0115,1,1,3
109,0.0832,0.0027,0.00085,0.014,0.0028,0.0076,0.1169,0.0047,0.000575,0.0201,0.0058,0.0082,0.0527,0.0021,0.0042,0.0394,0.0094,0.0074,2,1,3
110,0.015,0.0005,0.0017,0.0252,0.002,0.0048,0.0096,0.0009,0.0022,0.0268,0.0035,0.0045,0.0113,0.0048,0.0026,0.0311,0.0084,0.0052,1,1,3
111,0.0404,0.0023,0.001,0.013,0.0015,0.0036,0.0471,0.0023,0.0013,0.0174,0.003,0.0078,0.0033,0.0082,0.0019,0.0115,0.0044,0.0053,1,1,3
112,0.0539,0.0002,0.0025,0.0127,0.0032,0.0086,0.0565,0.0016,0.001199,0.0226,0.0035,0.008,0.01,0.0015,0.0034,0.0373,0.0139,0.0167,1,4,4
113,0.0459,0.0008,0.001,0.0222,0.0052,0.0128,0.0587,0.0003,0.0004,0.021,0.0056,0.0077,0.0859,0.0037,0.0015,0.0216,0.007,0.0153,1,1,4
114,0.036,0.0034,0.0018,0.021,0.0026,0.0041,0.05,0.0002,0.0018,0.0215,0.0029,0.0051,0.0151,0.001,0.0017,0.0187,0.0077,0.0049,1,1,3
115,0.0379,0.0006,0.001,0.0259,0.0069,0.0048,0.0492,0.0019,0.001,0.0288,0.0044,0.0098,0.1352,0.0036,0.0022,0.0488,0.0122,0.02,3,3,4
116,0.0308,0.0151,0.00137,0.0121,0.0029,0.0088,0.0568,0.0011,0.0014,0.0287,0.0046,0.0095,0.0439,0.001,0.0008,0.0231,0.0116,0.0044,2,4,4
117,0.1379,0.0023,0.0013,0.0221,0.0058,0.0116,0.0588,0.0007,0.0011,0.0154,0.0045,0.0093,0.052,0.0003,0.002,0.0773,0.015,0.014,1,1,3
118,0.0331,0.0023,0.0019,0.0141,0.0016,0.0078,0.0534,0.0497,0.0015,0.0268,0.0066,0.0078,0.024,0.0048,0.0008,0.0485,0.0141,0.0133,4,1,3
119,0.1201,0.0008,0.0024,0.0129,0.0028,0.0049,0.0073,0.0016,0.0016,0.0164,0.0035,0.0133,0.0783,0.0006,0.0007,0.0415,0.0103,0.0259,1,1,3
120,0.0074,0.0078,0.0011,0.0165,0.0024,0.0034,0.0003,0.0017,0.0002,0.0201,0.0053,0.0097,0.074,0.0019,0.0032,0.0322,0.0077,0.0138,1,1,3
121,0.1175,0.0022,0.0013,0.0239,0.0067,0.0109,0.0003,0.0017,0.0002,0.0201,0.0053,0.0097,0.074,0.0019,0.0032,0.0322,0.0077,0.0138,1,1,3
122,0.009,0.0032,0.0002,0.0103,0.0026,0.005,0.1341,0.0002,0.001,0.0148,0.0045,0.0043,0.1008,0.0013,0.0033,0.018,0.0029,0.0068,1,1,3
123,0.0235,0.0023,0.0017,0.0097,0.0018,0.0084,0.0888,0.0062,0.0014,0.0285,0.0041,0.007,0.0347,0.0013,0.001701,0.0233,0.0071,0.0102,1,1,3
124,0.0042,0.0044,0.0025,0.0169,0.003,0.0073,0.0888,0.0062,0.0014,0.0285,0.0041,0.007,0.0321,0.0026,0.0012,0.0525,0.0067,0.0088,1,1,2
125,0.0009,0.0017,0.002,0.0191,0.0017,0.0141,0.0913,0.0138,0.0015,0.0165,0.0057,0.0035,0.044,0.0005,0.0013,0.0225,0.0079,0.0016,1,1,3
126,0.068,0.0005,0.0019,0.0087,0.0023,0.0035,0.0036,0.0011,0.0021,0.0121,0.0026,0.0073,0.0344,0.0006,0.0015,0.0436,0.0126,0.00079,1,1,3
127,0.002,0.0021,0.0007,0.0409,0.0051,0.0032,0.0007,0.0014,0.0002,0.0145,0.0038,0.0081,0.0346,0.0002,0.0026,0.0373,0.0102,0.0102,1,1,3
128,0.0042,0.0066,0.0014,0.0115,0.0029,0.0063,0.0036,0.0023,0.0011,0.0182,0.0036,0.0087,0.0257,0.002,0.0017,0.0522,0.0096,0.02,1,1,4
129,0.0171,0.0021,0.0008,0.0101,0.002,0.0042,0.0422,0.0004,0.001,0.0274,0.0021,0.0028,0.0659,0.0085,0.0011,0.0183,0.0086,0.0094,1,1,3
130,0.129,0.0082,0.0019,0.0115,0.0044,0.0053,0.0215,0.0002,0.0004,0.0256,0.0068,0.0148,0.032,0.0005,0.0005,0.0388,0.0096,0.006,1,1,3
131,0.0631,0.0015,0.0013,0.0065,0.0017,0.011,0.0725,0.0007,0.0016,0.0167,0.003,0.0075,0.0165,0.0043,0.0015,0.0133,0.0011,0.0041,1,1,3
132,0.0844,0.0021,0.0017,0.0102,0.0011,0.0032,0.105,0.0016,0.0019,0.0178,0.0041,0.0123,0.0697,0.0019,0.003,0.0183,0.0074,0.0093,1,1,2
133,0.0418,0.0015,0.0014,0.0232,0.0016,0.0047,0.0365,0.0047,0.0011,0.0225,0.0048,0.0087,0.0003,0.0028,0.0029,0.019,0.0047,0.0102,1,1,3
134,0.0196,0.0002,0.0012,0.0249,0.0022,0.0072,0.0286,0.0359,0.0005,0.021,0.0052,0.0085,0.004,0.001,0.0037,0.0166,0.004,0.009,1,1,3
135,0.0722,0.0024,0.001,0.0101,0.0033,0.0081,0.0015,0.0046,0.0009,0.0289,0.0084,0.0108,0.0618,0.0028,0.001,0.0222,0.0061,0.0151,1,1,3
136,0.1194,0.0018,0.0013,0.0105,0.0015,0.0035,0.0467,0.0365,0.0016,0.0402,0.002,0.0078,0.0096,0.0004,0.0003,0.0337,0.0111,0.0192,1,3,2
137,0.0457,0.0001,0.0009,0.0133,0.0035,0.0091,0.0488,0.0048,0.0004,0.0151,0.0037,0.0109,0.0012,0.0003,0.0007,0.0253,0.0021,0.0042,1,1,3
138,0.0698,0.002,0.0009,0.008,0.0014,0.0035,0.0775,0.0109,0.0015,0.0205,0.0045,0.0105,0.1039,0.0011,0.0043,0.0292,0.004,0.0107,1,1,2
139,0.0213,0.0042,0.0012,0.0159,0.0034,0.0044,0.0141,0.0002,0.0004,0.0369,0.0047,0.01,0.015,0.0015,0.0021,0.0371,0.0084,0.0267,1,1,3
140,0.0662,0.0013,0.0013,0.0206,0.0039,0.0055,0.1031,0.0034,0.0034,0.0127,0.0013,0.004,0.0301,0.0026,0.0062,0.019,0.0037,0.0082,1,1,3
141,0.0769,0.0012,0.0013,0.0151,0.0031,0.0034,0.0007,0.0002,0.0019,0.0358,0.0025,0.0038,0.0031,0.0012,0.0012,0.0642,0.0237,0.0083,1,4,2
142,0.01,0.0013,0.0023,0.0316,0.0048,0.0085,0.0879,0.0022,0.0013,0.0105,0.0013,0.0035,0.0994,0.0016,0.0066,0.006,0.0015,0.0044,1,1,2
143,0.0299,0.0006,0.0026,0.0053,0.001,0.0034,0.0457,0.0051,0.0008,0.0104,0.0032,0.0043,0.0608,0.0014,0.0033,0.0221,0.0055,0.01,1,1,3
144,0.0279,0.0027,0.0005,0.0196,0.0007,0.0038,0.081,0.0022,0.0012,0.0059,0.0009,0.0039,0.1622,0.0014,0.0006,0.0431,0.0067,0.0423,1,1,2
145,0.0221,0.0246,0.0023,0.01,0.0022,0.0062,0.004,0.0009,0.0013,0.0352,0.0032,0.0065,0.0463,0.0032,0.0006,0.0348,0.0097,0.0052,1,1,4
146,0.0262,0.0035,0.0017,0.0134,0.0045,0.0095,0.0503,0.0033,0.0019,0.0317,0.001,0.0039,0.0305,0.0037,0.002,0.0713,0.0174,0.0247,1,1,3
147,0.0217,0.001,0.0019,0.0143,0.0024,0.0062,0.0244,0.001,0.002,0.0142,0.0029,0.0097,0.1747,0.0048,0.007,0.021,0.0066,0.0101,1,1,2
148,0.0009,0.0015,0.0011,0.0136,0.0025,0.0094,0.0098,0.0022,0.0013,0.0293,0.0058,0.0137,0.0956,0.0022,0.0016,0.0471,0.0082,0.0102,1,1,4
149,0.0166,0.0006,0.0014,0.0081,0.0014,0.0046,0.151,0.0009,0.0019,0.02,0.0033,0.0086,0.1229,0.0003,0.0022,0.0326,0.0087,0.0099,1,1,2
150,0.022,0.0012,0.0016,0.0169,0.0013,0.0036,0.0543,0.0004,0.0022,0.0144,0.0015,0.0039,0.0734,0.0031,0.0031,0.0383,0.0096,0.0093,1,1,4
151,0.0415,0.0018,0.0013,0.0185,0.0058,0.0038,0.0353,0.001,0.0012,0.0193,0.0028,0.007,0.0545,0.0007,0.001,0.0271,0.0078,0.008,1,1,4
152,0.2026,0.0005,0.0007,0.0127,0.0016,0.0038,0.0929,0.0019,0.0011,0.0258,0.0018,0.0039,0.0487,0.0022,0.0023,0.0272,0.0127,0.0212,1,1,4
153,0.0319,0.0006,0.0021,0.02,0.0033,0.0086,0.0282,0.0116,0.0011,0.0191,0.0054,0.0109,0.0287,0.0045,0.0016,0.0149,0.0057,0.0207,1,1,3
154,0.0405,0.0006,0.0017,0.012,0.0019,0.0085,0.0849,0.0033,0.001,0.0139,0.001,0.0042,0.0207,0.0013,0.0043,0.0193,0.0028,0.0113,1,1,2
155,0.0751,0.0016,0.0011,0.008,0.0027,0.0083,0.004,0.0009,0.0013,0.0352,0.0032,0.0065,0.0959,0.0044,0.0042,0.0373,0.0094,0.0137,1,1,3
156,0.0801,0.0023,0.0014,0.0125,0.0021,0.0042,0.0191,0.0019,0.0013,0.0206,0.0052,0.0046,0.1709,0.0017,0.0036,0.0328,0.0054,0.007,1,1,4
157,0.01,0.0045,0.0006,0.0191,0.0028,0.0086,0.0919,0.0015,0.0018,0.0402,0.0034,0.0131,0.0432,0.0039,0.0003,0.0501,0.0076,0.0229,1,4,4
158,0.016,0.0001,0.0016,0.0126,0.0022,0.0047,0.0127,0.0005,0.0016,0.0152,0.0015,0.0038,0.03,0.0024,0.0013,0.027,0.0071,0.0038,1,1,2
159,0.0747,0.0006,0.0012,0.0284,0.0035,0.0079,0.0447,0.0002,0.0004,0.0293,0.0025,0.0038,0.0399,0.0001,0.0031,0.0198,0.0034,0.0121,1,1,2
160,0.0801,0.0018,0.0024,0.0246,0.0022,0.0059,0.0426,0.0031,0.0025,0.0054,0.0015,0.0098,0.1033,0.0004,0.001,0.0237,0.0106,0.0094,3,1,4
161,0.0139,0.0013,0.0008,0.0088,0.002,0.0079,0.0247,0.003,0.0007,0.0196,0.0055,0.0083,0.0639,0.0013,0.0014,0.0207,0.0029,0.004,1,1,3
162,0.008,0.0016,0.0024,0.0112,0.0009,0.0037,0.019,0.001,0.0004,0.0155,0.0016,0.004,0.0505,0.0029,0.0004,0.0208,0.0021,0.0043,1,1,3
163,0.0615,0.0046,0.0007,0.023,0.0012,0.0049,0.0583,0.0008,0.0022,0.0169,0.0047,0.0074,0.051,0.0027,0.0005,0.0445,0.0076,0.0197,1,1,4
164,0.0083,0.0024,0.0003,0.0198,0.0014,0.0035,0.0941,0.0026,0.0005,0.0128,0.002,0.006,0.0998,0.0004,0.0018,0.0345,0.0062,0.0171,1,1,2
165,0.0438,0.0041,0.0009,0.0107,0.0029,0.0073,0.032,0.0001,0.0008,0.0123,0.0014,0.0091,0.001,0.0013,0.001,0.0204,0.008,0.0034,4,1,3
166,0.0552,0.0025,0.0025,0.033,0.0025,0.0079,0.025,0.0014,0.0006,0.045,0.002,0.0053,0.0607,0.0002,0.0001,0.0211,0.0074,0.0047,1,3,2
167,0.034,0.001,0.0021,0.0179,0.0047,0.0095,0.0279,0.002,0.0011,0.0167,0.0053,0.0081,0.0289,0.005,0.0009,0.015,0.0053,0.0071,1,1,2
168,0.022,0.0009,0.002,0.0155,0.005,0.0046,0.0777,0.0007,0.0005,0.0172,0.0006,0.0061,0.1096,0.0054,0.0006,0.0462,0.0075,0.0078,1,1,3
169,0.0219,0.0051,0.0017,0.0292,0.002,0.004,0.0313,0.0002,0.0011,0.0169,0.0044,0.0059,0.0936,0.0022,0.0013,0.0221,0.0037,0.0041,3,1,4
170,0.0443,0.0005,0.0012,0.0146,0.0019,0.0039,0.0115,0.0002,0.0009,0.0122,0.0033,0.0036,0.0743,0.0008,0.0014,0.0117,0.0038,0.0142,1,1,2
171,0.0116,0.001,0.0005,0.023,0.0061,0.0129,0.0255,0.0012,0.0017,0.0232,0.0067,0.0061,0.0554,0.0032,0.0021,0.1027,0.0073,0.0107,1,1,2
172,0.0274,0.0018,0.0017,0.0155,0.0023,0.0068,0.034,0.004,0.0015,0.0152,0.0061,0.0036,0.004,0.0005,0.0012,0.008,0.0018,0.0033,2,1,1
173,0.0172,0.0006,0.0017,0.011,0.0021,0.0071,0.0366,0.0028,0.0021,0.0152,0.0047,0.0046,0.0249,0.0011,0.003,0.0108,0.0031,0.0073,1,1,2
174,0.0178,0.0003,0.0019,0.0149,0.0057,0.0035,0.1739,0.011,0.001,0.0214,0.0041,0.0104,0.0743,0.0025,0.006,0.0171,0.0038,0.015,1,1,3
175,0.0458,0.0014,0.0014,0.0078,0.0015,0.0046,0.0616,0.0006,0.0009,0.0133,0.0013,0.0032,0.04,0.0028,0.0035,0.0211,0.0036,0.008,1,1,1
176,0.0808,0.0025,0.0018,0.018,0.0062,0.0033,0.0553,0.0077,0.0027,0.0244,0.0044,0.0076,0.0503,0.004,0.0013,0.0159,0.0027,0.0081,1,1,2
177,0.0245,0.0003,0.0011,0.0115,0.0011,0.0055,0.1062,0.0035,0.0018,0.0199,0.0037,0.0034,0.0726,0.002,0.0006,0.0668,0.0042,0.0043,1,3,2
178,0.0616,0.0019,0.0009,0.0268,0.0041,0.0052,0.0425,0.0032,0.0022,0.0145,0.0037,0.0079,0.0154,0.0002,0.0017,0.0312,0.0081,0.004,3,1,3
179,0.0055,0.0011,0.0014,0.0202,0.0039,0.0038,0.0923,0.0013,0.0008,0.0098,0.0027,0.0076,0.1043,0.0019,0.0028,0.014,0.0045,0.0108,1,1,2
180,0.0304,0.0033,0.0008,0.0136,0.0021,0.0041,0.1665,0.0042,0.0019,0.0134,0.0046,0.0076,0.0774,0.0008,0.0009,0.0225,0.0078,0.0067,1,1,2
181,0.0566,0.0049,0.0019,0.012,0.0031,0.0068,0.0086,0.1855,0.0137,0.3503,0.1215,0.1433,0.0288,0.0114,0.0039,0.0481,0.0146,0.021,1,1,2
182,0.0836,0.0025,0.0008,0.0243,0.0026,0.0051,0.0017,0.0018,0.0016,0.0109,0.0026,0.0051,0.007,0.0045,0.0019,0.0647,0.0132,0.0038,1,1,3
183,0.0045,0.0011,0.0013,0.0144,0.0044,0.0039,0.0107,0.0008,0.0016,0.0143,0.0018,0.0073,0.0861,0.0042,0.0028,0.0111,0.0033,0.0088,1,1,3
184,0.0171,0.007,0.0002,0.0215,0.0019,0.0035,0.0283,0.0009,0.0015,0.0114,0.0037,0.0043,0.0751,0.0003,0.0031,0.024,0.0039,0.01,1,1,3
185,0.0436,0.0017,0.001,0.0104,0.0013,0.0042,0.0133,0.0011,0.001,0.0135,0.0027,0.0046,0.0293,0.0014,0.0046,0.0276,0.0072,0.0186,1,1,3
186,0.0255,0.0019,0.0005,0.0237,0.0048,0.0038,0.0448,0.0022,0.0008,0.0126,0.0038,0.0093,0.0066,0.0024,0.0017,0.0136,0.0093,0.015,1,1,3
187,0.0381,0.0009,0.0006,0.0174,0.0013,0.0026,0.042,0.003,0.0022,0.0341,0.0041,0.0049,0.0663,0.0002,0.004,0.0414,0.0117,0.0044,1,1,2
188,0.0637,0.0037,0.0016,0.0171,0.0035,0.0039,0.0528,0.0006,0.0008,0.0127,0.0008,0.004,0.0342,0.0002,0.0027,0.0162,0.0035,0.0083,1,3,3
189,0.0285,0.0036,0.0013,0.0202,0.006,0.0045,0.0368,0.0006,0.0033,0.0133,0.0017,0.0064,0.0368,0.0007,0.0015,0.0368,0.0112,0.0145,1,1,2
190,0.046,0.0008,0.0008,0.0447,0.0036,0.0087,0.0713,0.0027,0.0004,0.0108,0.0025,0.0074,0.0299,0.002,0.0035,0.0312,0.003,0.0164,1,1,3
191,0.0002,0.002,0.0011,0.0095,0.003,0.0064,0.1017,0.0002,0.0015,0.0095,0.003,0.0071,0.1376,0.0046,0.0021,0.0285,0.0084,0.0124,1,1,4
192,0.0695,0.0016,0.0008,0.0136,0.0028,0.0096,0.0026,0.003,0.0011,0.0229,0.0043,0.0108,0.077,0.0015,0.0024,0.0296,0.0095,0.0142,1,1,3
193,0.056,0.0001,0.001,0.0218,0.0054,0.004,0.1221,0.01,0.0012,0.0138,0.0026,0.0045,0.0092,0.0038,0.001,0.0237,0.0072,0.0068,1,1,4
194,0.0025,0.0027,0.0018,0.038,0.0026,0.0039,0.0402,0.0007,0.0011,0.0143,0.0063,0.0076,0.0706,0.007,0.00499,0.0186,0.002,0.0084,1,1,4
195,0.0231,0.0001,0.0014,0.0092,0.0014,0.0109,0.0079,0.003,0.0017,0.0092,0.0021,0.0035,0.013,0.0034,0.0018,0.0131,0.0084,0.0158,1,1,2
196,0.0055,0.0002,0.0007,0.0079,0.0015,0.005,0.0205,0.0002,0.0018,0.0071,0.0023,0.0103,0.0878,0.001,0.0043,0.0177,0.0018,0.0053,1,1,3
197,0.1878,0.002,0.0019,0.024,0.0016,0.0068,0.0247,0.0026,0.0025,0.0197,0.0021,0.0038,0.0552,0.0119,0.0026,0.0209,0.0058,0.0164,1,1,3
198,0.0603,0.0039,0.0015,0.0124,0.0011,0.0034,0.0003,0.0004,0.0022,0.0116,0.0009,0.0054,0.0629,0.0002,0.0027,0.0164,0.0014,0.0085,1,1,2
199,0.0614,0.0049,0.0016,0.0132,0.0046,0.0063,0.0016,0.0015,0.0009,0.0163,0.0051,0.0072,0.0566,0.0001,0.0002,0.0143,0.0028,0.0161,1,1,3
200,0.1019,0.0005,0.0008,0.0073,0.0025,0.0078,0.0142,0.0035,0.001,0.0198,0.0055,0.0074,0.0228,0.0009,0.0014,0.0485,0.0137,0.0162,2,1,2
201,0.0017,0.0008,0.002,0.019,0.0037,0.0039,0.0014,0.0035,0.0025,0.0367,0.0027,0.007,0.0255,0.0255,0.0042,0.0454,0.0078,0.0135,1,3,4
202,0.0224,0.0013,0.0017,0.0115,0.0039,0.0076,0.1236,0.0038,0.0013,0.017,0.0034,0.0087,0.037,0.0023,0.0008,0.0423,0.0139,0.016,1,1,2
203,0.0131,0.0001,0.0017,0.015,0.0026,0.0076,0.0102,0.0022,0.0009,0.0074,0.0016,0.0079,0.0116,0.0012,0.0019,0.0361,0.0071,0.0125,1,1,3
204,0.0247,0.0005,0.0021,0.0109,0.0018,0.0032,0.0634,0.0131,0.0004,0.0359,0.0044,0.0116,0.029,0.0028,0.0016,0.0563,0.0028,0.0061,1,1,3
205,0.0534,0.0028,0.0013,0.0237,0.0019,0.0044,0.0998,0.002,0.0004,0.0154,0.0029,0.0065,0.0566,0.0004,0.002,0.0169,0.0014,0.0173,3,1,2
206,0.0687,0.0171,0.0017,0.0155,0.0064,0.0068,0.0059,0.0009,0.0019,0.0157,0.0024,0.0059,0.1191,0.0634,0.0024,0.024,0.0066,0.0154,2,3,3
207,0.0384,0.0007,0.0004,0.0079,0.0026,0.004,0.0196,0.0004,0.0006,0.0178,0.0028,0.0035,0.0045,0.0074,0.001,0.0127,0.0042,0.009,1,1,3
208,0.0324,0.0032,0.0019,0.0241,0.0017,0.0113,0.0591,0.002,0.0005,0.0199,0.0024,0.0085,0.0477,0.0015,0.0044,0.0239,0.008,0.0092,1,1,3
209,0.0002,0.0015,0.0014,0.0126,0.0017,0.0092,0.0893,0.0117,0.0019,0.0178,0.0024,0.0037,0.0133,0.0003,0.0035,0.0149,0.0054,0.0081,1,1,2
210,0.0299,0.0016,0.0014,0.015,0.0045,0.0116,0.0946,0.0016,0.0008,0.0263,0.0054,0.004,0.0403,0.0028,0.0023,0.0643,0.0026,0.0132,1,2,3
211,0.0451,0.0024,0.002,0.0206,0.0022,0.0066,0.0634,0.0023,0.0021,0.0091,0.0033,0.0074,0.0138,0.0014,0.0012,0.0624,0.0018,0.0047,1,1,2
212,0.0564,0.0017,0.0015,0.0011,0.0029,0.0034,0.1028,0.0019,0.0017,0.0174,0.002,0.0075,0.0287,0.005,0.0032,0.0422,0.01,0.0103,1,1,2
213,0.0208,0.006,0.0013,0.0245,0.0031,0.0084,0.0851,0.0003,0.0017,0.0185,0.0022,0.0092,0.0017,0.0001,0.0001,0.0222,0.0057,0.0063,1,1,3
214,0.0254,0.0015,0.0009,0.0132,0.0019,0.0036,0.0786,0.0006,0.0013,0.0166,0.0054,0.0084,0.0068,0.0025,0.002,0.0314,0.008,0.0222,1,1,2
215,0.0509,0.0005,0.0007,0.0126,0.002,0.0033,0.0286,0.0001,0.0004,0.0123,0.0022,0.0043,0.0805,0.0004,0.0014,0.0219,0.0096,0.0087,1,1,2
216,0.02,0.0028,0.0016,0.0155,0.0021,0.0034,0.0501,0.0019,0.0012,0.0105,0.0015,0.0041,0.0941,0.0002,0.0034,0.0336,0.0092,0.0033,1,1,2
217,0.0301,0.0001,0.0014,0.0292,0.0023,0.0038,0.0765,0.0023,0.0015,0.0129,0.0026,0.0116,0.042,0.0049,0.0081,0.0182,0.0025,0.0044,1,1,4
218,0.0608,9e-05,0.0002,0.015,0.005,0.0044,0.0562,0.003,0.0014,0.0325,0.0012,0.0041,0.0114,0.0009,0.0033,0.0653,0.0126,0.009,1,1,3
219,0.0574,0.0014,0.0006,0.0134,0.0048,0.0036,0.0324,0.0015,0.0013,0.0144,0.0039,0.0037,0.0612,0.0015,0.0012,0.0562,0.0122,0.009,1,1,2
220,0.0609,0.0019,0.0005,0.0132,0.0024,0.0079,0.0954,0.0015,0.002,0.0136,0.0049,0.0048,0.0077,0.0029,0.0008,0.0468,0.0085,0.0293,1,1,3
221,0.0847,0.0008,0.0012,0.0351,0.006,0.0071,0.016,0.0011,0.0009,0.0174,0.005,0.0079,0.0956,0.003,0.0029,0.0147,0.0023,0.0073,1,1,2
222,0.0089,0.0025,0.001,0.0217,0.0069,0.0041,0.0331,0.001,0.0006,0.0068,0.0018,0.0031,0.0505,0.0026,0.0007,0.0152,0.0052,0.0172,3,1,2
223,0.034,0.0007,0.0003,0.0172,0.0035,0.0076,0.0089,0.0011,0.0013,0.0175,0.0044,0.0033,0.05,0.0016,0.0022,0.0384,0.0138,0.0133,1,1,3
224,0.0702,0.002,0.0002,0.022,0.0031,0.0051,0.0511,0.002,0.0012,0.0311,0.0012,0.0039,0.0175,0.0012,0.0006,0.0291,0.0043,0.0101,4,1,3
225,0.0533,0.0018,0.0018,0.0131,0.0022,0.0046,0.0405,0.0056,0.0002,0.0407,0.0034,0.0072,0.0595,0.0129,0.0027,0.0099,0.0028,0.0082,1,2,2
226,0.0877,0.0015,0.0009,0.0125,0.0043,0.011,0.0503,0.0004,0.0007,0.02,0.0032,0.0111,0.0703,0.0004,0.0014,0.0227,0.0084,0.012,1,1,3
227,0.036,0.0005,0.0008,0.0127,0.0012,0.0042,0.0772,0.005,0.0011,0.0207,0.0016,0.0046,0.0135,0.0256,0.0007,0.0836,0.0124,0.0193,1,1,4
228,0.0292,0.0046,0.0017,0.0241,0.0028,0.0067,0.0054,0.0004,0.0011,0.0071,0.0028,0.0049,0.0926,0.002,0.0023,0.015,0.0027,0.021,1,1,2
229,0.0492,0.0008,0.0006,0.0348,0.0018,0.0052,0.0917,0.0003,0.0012,0.0192,0.0065,0.002,0.0228,0.0012,0.0009,0.0473,0.0105,0.0151,1,1,2
230,0.0656,0.0002,0.0011,0.0176,0.0016,0.0034,0.0064,0.0132,0.0007,0.0101,0.0017,0.0064,0.0539,0.0014,0.0017,0.0505,0.0093,0.0215,1,1,2
231,0.0043,0.0025,0.0013,0.0074,0.0014,0.0033,0.1002,0.002,0.0017,0.0094,0.0026,0.0083,0.0568,0.0043,0.0003,0.0277,0.0076,0.0217,1,1,3
232,0.0124,0.011,0.0022,0.0155,0.0055,0.0048,0.023,0.0003,0.0021,0.0103,0.0023,0.0041,0.1135,0.0001,0.0003,0.0103,0.0095,0.0037,1,1,3
233,0.0908,0.0036,0.0013,0.0102,0.0019,0.0079,0.0464,0.0004,0.0012,0.0084,0.0021,0.009,0.0622,0.0054,0.0017,0.0129,0.0036,0.0246,1,1,2
234,0.0203,0.002,0.0013,0.0076,0.0022,0.0038,0.0145,0.0001,0.001,0.0101,0.0018,0.0057,0.0287,0.0008,0.0014,0.0271,0.0047,0.0196,1,1,4
235,0.0582,0.0008,0.0012,0.0158,0.0012,0.0037,0.0102,0.004,0.0017,0.0149,0.0037,0.0093,0.1164,0.0012,0.0014,0.0131,0.0036,0.0155,1,2,2
236,0.0199,0.014,0.0011,0.04,0.0079,0.0047,0.0796,0.003,0.0025,0.0471,0.0129,0.018,0.0058,0.0062,0.0012,0.0330744,0.00594484980038745,0.00572845,4,1,4
237,0.0039,0.0004,0.0014,0.0366,0.0112,0.0107,0.0066,0.0006,0.0009,0.0128,0.0022,0.0156,0.021,0.0058,0.0017,0.0425,0.0113,0.0094,3,1,4
238,0.0022,0.0004,0.0016,0.0305,0.012,0.0177,0.0002,0.0019,0.0012,0.034,0.0107,0.0113,0.0525,0.0143,0.0032,0.0312,0.0058,0.0252,1,3,4
239,0.0102,0.0044,0.0011,0.0601,0.0217,0.0139,0.0073,0.0025,0.0017,0.0498,0.0115,0.0126,0.0137,0.0076,0.0027,0.0579,0.0215,0.0126,4,4,4
240,0.0123,0.0083,0.0024,0.0561207,0.0136191298260938,0.0178445,0.0004,0.0059,0.0021,0.016,0.006,0.0044,0.0867,0.0008,0.0005,0.0176,0.0037,0.0107,3,2,4
